Metric,Value
Jumlah Data,20.0
MAE,0.06349072855457685
MSE,0.0054321337268958495
RMSE,0.073703010297381
R-squared,-0.3066211557962697
MAPE,0.5619810613353744
