Metric,Value
Jumlah Data,20.0
MAE,2.5986370180940606
MSE,8.406589447881126
RMSE,2.899411914144164
R-squared,-3.7806434751471345
MAPE,2.396133016575288
