Metric,Value
Jumlah Data,20.0
MAE,74.74375678724591
MSE,9020.25247257444
RMSE,94.97500972663515
R-squared,-0.49311027892810944
MAPE,0.4560937095464426
